b876bd1457c8275a8bb42728d0476e1f,3aea245d9232e5ed478003b4c7c0befd,13056,campinas,SP,8d46553a36e68f95350a200c12f8f2e2
de1ae3b94bc07ae5bcc61beadc70b8aa,6af8c264c512e6bc3762aae0accac114,13040,campinas,SP,3a79f35a2344ede41af21267f61d5ec6
de1ae3b94bc07ae5bcc61beadc70b8aa,6af8c264c512e6bc3762aae0accac114,13040,campinas,SP,3d39fbf22a665714baf62fae36029e23
de1ae3b94bc07ae5bcc61beadc70b8aa,6af8c264c512e6bc3762aae0accac114,13040,campinas,SP,3d01d1c414c44b5943a09619ff3853cb
6cd71f974e1d81ec38b53156b34621ad,70ad91901ad4330af432978ff134fc6f,13087,campinas,SP,1127b7f2594683f2510f1c2c834a486b
90dfcb73b06f1eda7b6860b196604bf0,b5b2b8a1f537e0772a3d1b68c364cdb4,13040,campinas,SP,3a79f35a2344ede41af21267f61d5ec6
90dfcb73b06f1eda7b6860b196604bf0,b5b2b8a1f537e0772a3d1b68c364cdb4,13040,campinas,SP,3d39fbf22a665714baf62fae36029e23
90dfcb73b06f1eda7b6860b196604bf0,b5b2b8a1f537e0772a3d1b68c364cdb4,13040,campinas,SP,3d01d1c414c44b5943a09619ff3853cb
b3d94a7947f1b122459d6494760708e8,f0ac405c280fab1d087b8982e7801b54,13015,campinas,SP,1e47d8b6546eb3a77b1acddcc9406242
b3d94a7947f1b122459d6494760708e8,f0ac405c280fab1d087b8982e7801b54,13015,campinas,SP,bc302730ea8cf49b5c74f579febb5bbf
31f076e386fbf57cd189eb555b40ea01,9649b34e903522d0a278a76b851f0550,13091,campinas,SP,52454f90d4c30c016768db02f88c1a74
12fbfc2753644bea26a74338860183d3,6647d4444fa63e05f6a4e1ce7a966a20,13033,campinas,SP,343e716476e3748b069f980efbaa294e
12fbfc2753644bea26a74338860183d3,6647d4444fa63e05f6a4e1ce7a966a20,13033,campinas,SP,27a56ff04b34c2ba34ce6ba4d3b9d616
929d7601337288f68ced289062b64161,2da33a7265352cc9e0e4474752a0dfc0,13087,campinas,SP,1127b7f2594683f2510f1c2c834a486b
3ddf39bd820d959f61b52bb23d87b434,e1ac7aaf8929fff990b6d4dc3bedc86e,13060,campinas,SP,412a4720f3e9431b4afa1476a1acddbe
3ddf39bd820d959f61b52bb23d87b434,e1ac7aaf8929fff990b6d4dc3bedc86e,13060,campinas,SP,8e2b3afb420011ef0c88c9d5f11ea526
c9ec4f9b7f4d08b7ec172ae3599c2a1a,632fb09645bc961dfb3126abcc78310b,13040,campinas,SP,3a79f35a2344ede41af21267f61d5ec6
c9ec4f9b7f4d08b7ec172ae3599c2a1a,632fb09645bc961dfb3126abcc78310b,13040,campinas,SP,3d39fbf22a665714baf62fae36029e23
c9ec4f9b7f4d08b7ec172ae3599c2a1a,632fb09645bc961dfb3126abcc78310b,13040,campinas,SP,3d01d1c414c44b5943a09619ff3853cb
9c991443e5f8f7fd0903a2ea9ec7a0ca,8b37cd48e54aa82a06bfcb019a05de72,13023,campinas,SP,e0eabded302882513ced4ea3eb0c7059
9c991443e5f8f7fd0903a2ea9ec7a0ca,8b37cd48e54aa82a06bfcb019a05de72,13023,campinas,SP,3442f8959a84dea7ee197c632cb2df15
e0e7ee625cb2646f1049f7602dde6d37,b5585a338bb22b66f02541df26cbb9aa,13085,campinas,SP,bc2ac6b95e1accce9858528ee566c17e
e0e7ee625cb2646f1049f7602dde6d37,b5585a338bb22b66f02541df26cbb9aa,13085,campinas,SP,fe87f472055fbcf1d7e691c00b1560dc
8a7f485b99c1e2752cf38f51601d435f,2c7210a0599f020ec353d97bb02ac6fd,13056,campinas,SP,8d46553a36e68f95350a200c12f8f2e2
e5e3ec222154fb7a9cec5b39c1011359,2a3977438f5717f0ad181840e52a14a0,13041,campinas,SP,436bf27f2f18474fc6047702e9f8a866
e5e3ec222154fb7a9cec5b39c1011359,2a3977438f5717f0ad181840e52a14a0,13041,campinas,SP,7ecef8194babfec876ca720714327841
5e29bb9b184e9f3bcee13db7c02f13d6,3cc132bef12cf61d577a0b1100a28d17,13088,campinas,SP,718539d38d07dd351c76db862760e2e2
6995decf2663f921e8dfb49b3e7b5b9c,5f7960decfccb628cea4c3f2c4c7c370,13087,campinas,SP,1127b7f2594683f2510f1c2c834a486b
d3aa335c99a06c2ce4cdd19fcaf444d6,88fdb06f30e355fd87d80b34a90d259a,13070,campinas,SP,ffff564a4f9085cd26170f4732393726
d3aa335c99a06c2ce4cdd19fcaf444d6,88fdb06f30e355fd87d80b34a90d259a,13070,campinas,SP,562fc2f2c2863ab7e79a9e4388a58a14
d3aa335c99a06c2ce4cdd19fcaf444d6,88fdb06f30e355fd87d80b34a90d259a,13070,campinas,SP,37303482a42fb700d8d127e70a9cd6c8
d3aa335c99a06c2ce4cdd19fcaf444d6,88fdb06f30e355fd87d80b34a90d259a,13070,campinas,SP,73b8eb4a9a729d4019b24ed1be748cbf
16c76d3580c1549d2415b039b962ffee,839aeb4091438508f25004314b33cdae,13085,campinas,SP,bc2ac6b95e1accce9858528ee566c17e
16c76d3580c1549d2415b039b962ffee,839aeb4091438508f25004314b33cdae,13085,campinas,SP,fe87f472055fbcf1d7e691c00b1560dc
ca5e08a085e90fb92a7dd0482e4073b6,2f2e2e176fe4bf67bc1b9a8e4d5ecb18,13042,campinas,SP,6524b847b982cd56bb5d4b02b776ee42
97a0771636cd3ecff4b7cce15b71df5a,b0cc12817defd6163ab8d3fa169bb24d,13086,campinas,SP,7c462184585ae80bd6e5774c62ce50f2
53fbb5977b5be09d58bdbf09c0f73f16,b19bca3a7e6091b6d3e744546205a1d7,13060,campinas,SP,412a4720f3e9431b4afa1476a1acddbe
53fbb5977b5be09d58bdbf09c0f73f16,b19bca3a7e6091b6d3e744546205a1d7,13060,campinas,SP,8e2b3afb420011ef0c88c9d5f11ea526
30cdac206f7d21755061ef6ea062ab91,16dafc8631f307e39ccbc2e3eecbf19d,13060,campinas,SP,412a4720f3e9431b4afa1476a1acddbe
30cdac206f7d21755061ef6ea062ab91,16dafc8631f307e39ccbc2e3eecbf19d,13060,campinas,SP,8e2b3afb420011ef0c88c9d5f11ea526
25b02c8a74e16eff6d298cd7c24a0504,e18dcd21a72a635a01841e021b7a0b08,13041,campinas,SP,436bf27f2f18474fc6047702e9f8a866
25b02c8a74e16eff6d298cd7c24a0504,e18dcd21a72a635a01841e021b7a0b08,13041,campinas,SP,7ecef8194babfec876ca720714327841
15a0eb41033a5b7267e6dc6bf86b0148,968a5257850bb4a8fc88467890548ad5,13073,campinas,SP,fc38b5dceee1a730fad8853453437fbd
e0844d74d286167ac9cf10d02cda2bfc,387b38ebe598313ef56ef3df19b192af,13033,campinas,SP,343e716476e3748b069f980efbaa294e
e0844d74d286167ac9cf10d02cda2bfc,387b38ebe598313ef56ef3df19b192af,13033,campinas,SP,27a56ff04b34c2ba34ce6ba4d3b9d616
9722b087b76b39052f39d7c7a1b51f62,ee6daddc64b275135bc326be1a7bf8d7,13060,campinas,SP,412a4720f3e9431b4afa1476a1acddbe
9722b087b76b39052f39d7c7a1b51f62,ee6daddc64b275135bc326be1a7bf8d7,13060,campinas,SP,8e2b3afb420011ef0c88c9d5f11ea526
b10a1073410b33ac0982099efe02f067,efb248b580094dda3ef5a4878aa05f58,13084,campinas,SP,606ce7768feac12c5e8bd58db8b08f0f
6d85a3ac7c668a1b826400ae9879c06e,db6d2022036d6a91cf7a7db2d20aab81,13070,campinas,SP,ffff564a4f9085cd26170f4732393726
6d85a3ac7c668a1b826400ae9879c06e,db6d2022036d6a91cf7a7db2d20aab81,13070,campinas,SP,562fc2f2c2863ab7e79a9e4388a58a14
6d85a3ac7c668a1b826400ae9879c06e,db6d2022036d6a91cf7a7db2d20aab81,13070,campinas,SP,37303482a42fb700d8d127e70a9cd6c8
6d85a3ac7c668a1b826400ae9879c06e,db6d2022036d6a91cf7a7db2d20aab81,13070,campinas,SP,73b8eb4a9a729d4019b24ed1be748cbf
2f2b7e0bd3898741386cc70f3b62f52d,5d7ebc17bf6d80838b3b42da27e0a5f7,13082,campinas,SP,391bbd13b6452244774beff1824006ed
68ffaee0e0cba1ec2e5fae05c3172814,e52e2a969ce6323daa2460a8202f92b0,13041,campinas,SP,436bf27f2f18474fc6047702e9f8a866
68ffaee0e0cba1ec2e5fae05c3172814,e52e2a969ce6323daa2460a8202f92b0,13041,campinas,SP,7ecef8194babfec876ca720714327841
35e459cd733a3cb6d98f593fcc9d67db,9c7fdd0eeb3acb01cc518ee63ddfeea5,13030,campinas,SP,ea65d8b58316a6f2362f2a9e4b3e86ad
35e459cd733a3cb6d98f593fcc9d67db,9c7fdd0eeb3acb01cc518ee63ddfeea5,13030,campinas,SP,fe2032dab1a61af8794248c8196565c9
35e459cd733a3cb6d98f593fcc9d67db,9c7fdd0eeb3acb01cc518ee63ddfeea5,13030,campinas,SP,782f78b632a43875dd5b53e3e49c9564
710dd4bda0d8cbfb51e101c8085eea04,3d39a9d77c73f1e6b8c49b3dc5c956cc,13087,campinas,SP,1127b7f2594683f2510f1c2c834a486b
fcb99b368b1a2403b7219f4c8d48d60b,5e9e4e42ecc0e6ad03b4754648a2afea,13087,campinas,SP,1127b7f2594683f2510f1c2c834a486b
8a285783cf67fd0d6ba879be42d10a40,57604ac5d93c43f0d2d212fa9209b2d6,13073,campinas,SP,fc38b5dceee1a730fad8853453437fbd
b775111784ea2c3a1f3fd11125a07add,e7b41997217f4daacb88d1bb6161615a,13042,campinas,SP,6524b847b982cd56bb5d4b02b776ee42
fd19265dfd86ea0dafc13a23b1a53c05,ec51a76768c6654a24541caed2b7a0f3,13060,campinas,SP,412a4720f3e9431b4afa1476a1acddbe
fd19265dfd86ea0dafc13a23b1a53c05,ec51a76768c6654a24541caed2b7a0f3,13060,campinas,SP,8e2b3afb420011ef0c88c9d5f11ea526
eee13c10a26da9f6f1c5352b215a88c4,b16fb911b630683ceb69b95014c82af4,13042,campinas,SP,6524b847b982cd56bb5d4b02b776ee42
9b9f6285956c99f9aaf3c2b1ae833836,ba87a8631c10832e670eddd7ea54cabe,13056,campinas,SP,8d46553a36e68f95350a200c12f8f2e2
1ad80e57d0ca61401ddd3150b16a5beb,aecbc14a0645d6699cec639518fc8f33,13041,campinas,SP,436bf27f2f18474fc6047702e9f8a866
1ad80e57d0ca61401ddd3150b16a5beb,aecbc14a0645d6699cec639518fc8f33,13041,campinas,SP,7ecef8194babfec876ca720714327841
111dd94da5edace3037f01e3c06d81b2,969e62a47aec03c735127e6f11ad6564,13087,campinas,SP,1127b7f2594683f2510f1c2c834a486b
fb5050c5a9ca2923caaf504fce94ba0c,e8fdc48586ede8c54d9dd454f21b30d6,13085,campinas,SP,bc2ac6b95e1accce9858528ee566c17e
fb5050c5a9ca2923caaf504fce94ba0c,e8fdc48586ede8c54d9dd454f21b30d6,13085,campinas,SP,fe87f472055fbcf1d7e691c00b1560dc
39d7c7a5e9c2172c16234017faf854ba,3442a61b2d5bfd9d605d6943701ad650,13087,campinas,SP,1127b7f2594683f2510f1c2c834a486b
a1aeaf6f487aa3a4e8bd67fcd86511c5,2627b721fd62cdea6685bd8da7502ff0,13023,campinas,SP,e0eabded302882513ced4ea3eb0c7059
a1aeaf6f487aa3a4e8bd67fcd86511c5,2627b721fd62cdea6685bd8da7502ff0,13023,campinas,SP,3442f8959a84dea7ee197c632cb2df15
8df8a5ad7ef800896d066dfb0838ba37,bdee950f8479b035abfbcd0d5b60eaae,13087,campinas,SP,1127b7f2594683f2510f1c2c834a486b
59acf093c0d83e9d731710cc54fd6d92,6c25a588bb1dc8321db547b516c06551,13070,campinas,SP,ffff564a4f9085cd26170f4732393726
59acf093c0d83e9d731710cc54fd6d92,6c25a588bb1dc8321db547b516c06551,13070,campinas,SP,562fc2f2c2863ab7e79a9e4388a58a14
59acf093c0d83e9d731710cc54fd6d92,6c25a588bb1dc8321db547b516c06551,13070,campinas,SP,37303482a42fb700d8d127e70a9cd6c8
59acf093c0d83e9d731710cc54fd6d92,6c25a588bb1dc8321db547b516c06551,13070,campinas,SP,73b8eb4a9a729d4019b24ed1be748cbf
e56f6dff7b8ac9813ddeb2312f0d834f,d4bf092ba54c293495ebbbd982d653d8,13040,campinas,SP,3a79f35a2344ede41af21267f61d5ec6
e56f6dff7b8ac9813ddeb2312f0d834f,d4bf092ba54c293495ebbbd982d653d8,13040,campinas,SP,3d39fbf22a665714baf62fae36029e23
e56f6dff7b8ac9813ddeb2312f0d834f,d4bf092ba54c293495ebbbd982d653d8,13040,campinas,SP,3d01d1c414c44b5943a09619ff3853cb
2ca78d68b23aa3531eb8c29f55194c4e,8fb583f5dce8034af3119380a163d8f8,13041,campinas,SP,436bf27f2f18474fc6047702e9f8a866
2ca78d68b23aa3531eb8c29f55194c4e,8fb583f5dce8034af3119380a163d8f8,13041,campinas,SP,7ecef8194babfec876ca720714327841
56e1d4d5a04884acd78f783c866d5720,1628d339bb007338af1e7d2eccd55ecb,13041,campinas,SP,436bf27f2f18474fc6047702e9f8a866
56e1d4d5a04884acd78f783c866d5720,1628d339bb007338af1e7d2eccd55ecb,13041,campinas,SP,7ecef8194babfec876ca720714327841
e618ce61b7a6c510ada191f657306c68,4b7f26d90bb264ade7e4281db1b739f1,13088,campinas,SP,718539d38d07dd351c76db862760e2e2
fd1dd010106ac6f84273fe976a08e6bf,60af18e2b219938a9c9755aa018cd46c,13088,campinas,SP,718539d38d07dd351c76db862760e2e2
df05cc416941cb23623ea7c27a1f87c9,52039dcd7e4683b6f2b579bc86838224,13056,campinas,SP,8d46553a36e68f95350a200c12f8f2e2
4f74721592a5128138d827de1840b50c,e9d92452b38506d6379276d4b38cdf94,13085,campinas,SP,bc2ac6b95e1accce9858528ee566c17e
4f74721592a5128138d827de1840b50c,e9d92452b38506d6379276d4b38cdf94,13085,campinas,SP,fe87f472055fbcf1d7e691c00b1560dc
542c3d356022131cf2dec11c24abba30,cfb025f193db116549c9c23e4d58e3e3,13041,campinas,SP,436bf27f2f18474fc6047702e9f8a866
542c3d356022131cf2dec11c24abba30,cfb025f193db116549c9c23e4d58e3e3,13041,campinas,SP,7ecef8194babfec876ca720714327841
eb0531889b546c683fa11282442f6233,ae864af1d62fc952073ddcd1ab59a233,13033,campinas,SP,343e716476e3748b069f980efbaa294e
eb0531889b546c683fa11282442f6233,ae864af1d62fc952073ddcd1ab59a233,13033,campinas,SP,27a56ff04b34c2ba34ce6ba4d3b9d616
d8a3b8bc08f3b315105a58bd347871af,e0ddba2f90c646e8a37318ca04a48119,13073,campinas,SP,fc38b5dceee1a730fad8853453437fbd
b36aecddfe5ccb0971ba9de40729416e,29ca20390ebb1a670b4f22c0bf757b7c,13070,campinas,SP,ffff564a4f9085cd26170f4732393726
b36aecddfe5ccb0971ba9de40729416e,29ca20390ebb1a670b4f22c0bf757b7c,13070,campinas,SP,562fc2f2c2863ab7e79a9e4388a58a14
b36aecddfe5ccb0971ba9de40729416e,29ca20390ebb1a670b4f22c0bf757b7c,13070,campinas,SP,37303482a42fb700d8d127e70a9cd6c8
b36aecddfe5ccb0971ba9de40729416e,29ca20390ebb1a670b4f22c0bf757b7c,13070,campinas,SP,73b8eb4a9a729d4019b24ed1be748cbf
a3586509a27757e4e4825418e8f1174d,72b1f9e1b8aa00c0be1d47006c3ab5f7,13056,campinas,SP,8d46553a36e68f95350a200c12f8f2e2
dba001f78ebcbf63aec0095cc03ad969,f889db6fc6944e1855d143f79c4c8844,13060,campinas,SP,412a4720f3e9431b4afa1476a1acddbe
dba001f78ebcbf63aec0095cc03ad969,f889db6fc6944e1855d143f79c4c8844,13060,campinas,SP,8e2b3afb420011ef0c88c9d5f11ea526
9134102066a5ac7b88ca2ba327e24178,818424e02ee185318b30b99bf7f9cd29,13087,campinas,SP,1127b7f2594683f2510f1c2c834a486b
0ebc6c73d89878fb3a1d039df4f3c8a1,06485620b716c476c2faf915f662674e,13084,campinas,SP,606ce7768feac12c5e8bd58db8b08f0f
c39ecfa4a990491a861ff5cbe6b80ec2,88388502f20df20b31ccd1a4aca9e898,13076,campinas,SP,5a8e7d5003a1f221f9e1d6e411de7c23
00ba7e4052ff6531f4e8aa0b0054318b,e46d6bcd22d95a9d167d807372d08add,13097,campinas,SP,751e274377499a8503fd6243ad9c56f6
8f9ba4248de510aef617886c7caa8250,88184b659e4ddef218a3cce4265c741b,13087,campinas,SP,1127b7f2594683f2510f1c2c834a486b
42b35a52a2ac0962b846d5c532f81e3a,96ed4389b063541454f2b1f15be16610,13060,campinas,SP,412a4720f3e9431b4afa1476a1acddbe
42b35a52a2ac0962b846d5c532f81e3a,96ed4389b063541454f2b1f15be16610,13060,campinas,SP,8e2b3afb420011ef0c88c9d5f11ea526
e620fbdf4316bb301fdce0325c0e0c2c,ddaec4aabe32eff2999c877135121c7f,13084,campinas,SP,606ce7768feac12c5e8bd58db8b08f0f
1e668e04c39d29cce6958efd37f2d56f,951646fecdd2dbc03a3d11cf0f676347,13040,campinas,SP,3a79f35a2344ede41af21267f61d5ec6
1e668e04c39d29cce6958efd37f2d56f,951646fecdd2dbc03a3d11cf0f676347,13040,campinas,SP,3d39fbf22a665714baf62fae36029e23
1e668e04c39d29cce6958efd37f2d56f,951646fecdd2dbc03a3d11cf0f676347,13040,campinas,SP,3d01d1c414c44b5943a09619ff3853cb
aa33715540792a5eaadd962b59dc2b7b,fae827c7f5444b95b0fdbcf2f271600d,13056,campinas,SP,8d46553a36e68f95350a200c12f8f2e2
346299cd59e7a881a48a074d8cec5694,b0cfd61a082c5c417a81a8bd30ffcce0,13088,campinas,SP,718539d38d07dd351c76db862760e2e2
27d2558ca362026e8924200781145922,999bf1d2709dc80fcf55a92805ecc34f,13082,campinas,SP,391bbd13b6452244774beff1824006ed
ba0b8884d1b2e367c211fc51cf96bd4d,d39ad27ebe9439aa26965558c27aadea,13023,campinas,SP,e0eabded302882513ced4ea3eb0c7059
ba0b8884d1b2e367c211fc51cf96bd4d,d39ad27ebe9439aa26965558c27aadea,13023,campinas,SP,3442f8959a84dea7ee197c632cb2df15
ad8357e9c4b9a78d08ec2bddcbf2dac9,518199e5f36305bffce18e38aa2642aa,13088,campinas,SP,718539d38d07dd351c76db862760e2e2
9c312b701ef906a78d378491baecbdfc,654ae520c6e955d5d41dd6e181a024b7,13070,campinas,SP,ffff564a4f9085cd26170f4732393726
9c312b701ef906a78d378491baecbdfc,654ae520c6e955d5d41dd6e181a024b7,13070,campinas,SP,562fc2f2c2863ab7e79a9e4388a58a14
9c312b701ef906a78d378491baecbdfc,654ae520c6e955d5d41dd6e181a024b7,13070,campinas,SP,37303482a42fb700d8d127e70a9cd6c8
9c312b701ef906a78d378491baecbdfc,654ae520c6e955d5d41dd6e181a024b7,13070,campinas,SP,73b8eb4a9a729d4019b24ed1be748cbf
da40ada73d08b254639ddc4939223921,7a48bd1da19f29e83778fcfb57b60460,13073,campinas,SP,fc38b5dceee1a730fad8853453437fbd
589494aaece09fa91b85ff15fe6dfe9e,2e6d161f11b24170c9c174835720d0b9,13060,campinas,SP,412a4720f3e9431b4afa1476a1acddbe
589494aaece09fa91b85ff15fe6dfe9e,2e6d161f11b24170c9c174835720d0b9,13060,campinas,SP,8e2b3afb420011ef0c88c9d5f11ea526
ce4c4fef0bf13c20bba8275489e6350b,9b7b99440a9a79215d706296716e5632,13023,campinas,SP,e0eabded302882513ced4ea3eb0c7059
ce4c4fef0bf13c20bba8275489e6350b,9b7b99440a9a79215d706296716e5632,13023,campinas,SP,3442f8959a84dea7ee197c632cb2df15
0979d944dc34878750e6e0823044c62a,f232e6a55d60632661ba39564ddac9d4,13084,campinas,SP,606ce7768feac12c5e8bd58db8b08f0f
06e30ee84a0678d353928f7306faac30,69fe01fbf59ff73933b1fad1838b08a5,13073,campinas,SP,fc38b5dceee1a730fad8853453437fbd
3f08de414e86c589d3f085630f5f7f69,7d904a4755e206a3e308a1f03d4a3a7c,13064,campinas,SP,781a66c0d89e30814d49fe8b5e14cd07
d147fe71273c081f3d0481211ed1a7eb,17badff4075fc950f602c0556e2e067b,13105,campinas,SP,b0b346d3a89f5eb4c2968af3f083cd43
9302bde5262126fe133c527b3736f823,82f4c5b067567555f5786a751bfe81ab,13070,campinas,SP,ffff564a4f9085cd26170f4732393726
9302bde5262126fe133c527b3736f823,82f4c5b067567555f5786a751bfe81ab,13070,campinas,SP,562fc2f2c2863ab7e79a9e4388a58a14
9302bde5262126fe133c527b3736f823,82f4c5b067567555f5786a751bfe81ab,13070,campinas,SP,37303482a42fb700d8d127e70a9cd6c8
9302bde5262126fe133c527b3736f823,82f4c5b067567555f5786a751bfe81ab,13070,campinas,SP,73b8eb4a9a729d4019b24ed1be748cbf
22a0d3267eca495ae5c5ea5aea7cd2b9,cc70a7c16df0bb4b2fa17403d4ec3769,13087,campinas,SP,1127b7f2594683f2510f1c2c834a486b
2835fc229807133f646ae4245e5e6150,c65c16639de33db814f8b384177c0ba3,13060,campinas,SP,412a4720f3e9431b4afa1476a1acddbe
2835fc229807133f646ae4245e5e6150,c65c16639de33db814f8b384177c0ba3,13060,campinas,SP,8e2b3afb420011ef0c88c9d5f11ea526
3bda81e663d894e6913572dfe41f9ce1,dc39508cb41b34ee393705ed953a4d04,13084,campinas,SP,606ce7768feac12c5e8bd58db8b08f0f
b5f731062e61f41953ce53ff565d4353,d9c3dd380cb915b94684aaf1c9f03362,13040,campinas,SP,3a79f35a2344ede41af21267f61d5ec6
b5f731062e61f41953ce53ff565d4353,d9c3dd380cb915b94684aaf1c9f03362,13040,campinas,SP,3d39fbf22a665714baf62fae36029e23
b5f731062e61f41953ce53ff565d4353,d9c3dd380cb915b94684aaf1c9f03362,13040,campinas,SP,3d01d1c414c44b5943a09619ff3853cb
d45306ce2885eaacd9fbe56ce177c908,9b9dddec21ff3a98cbccabbdbc08d998,13040,campinas,SP,3a79f35a2344ede41af21267f61d5ec6
d45306ce2885eaacd9fbe56ce177c908,9b9dddec21ff3a98cbccabbdbc08d998,13040,campinas,SP,3d39fbf22a665714baf62fae36029e23
d45306ce2885eaacd9fbe56ce177c908,9b9dddec21ff3a98cbccabbdbc08d998,13040,campinas,SP,3d01d1c414c44b5943a09619ff3853cb
b66217448555073a1804c56d701fa4e1,74635e4c481883885fbc9429b880df02,13015,campinas,SP,1e47d8b6546eb3a77b1acddcc9406242
b66217448555073a1804c56d701fa4e1,74635e4c481883885fbc9429b880df02,13015,campinas,SP,bc302730ea8cf49b5c74f579febb5bbf
c71d7cc776805177a8efc0f904ee5b60,999bf1d2709dc80fcf55a92805ecc34f,13082,campinas,SP,391bbd13b6452244774beff1824006ed
9eda2878f66c83472193962f437167b6,11444f8161e51e1d513a6adfc41e629e,13076,campinas,SP,5a8e7d5003a1f221f9e1d6e411de7c23
8468e974307cf0404f6e3d5af0ad1b9d,b33655881531e0e8a90b2fd264c9a0f3,13088,campinas,SP,718539d38d07dd351c76db862760e2e2
14425ff5b814c955a524faf453a68bfd,4b7dc42c991b79a2dab9a95c796306b9,13073,campinas,SP,fc38b5dceee1a730fad8853453437fbd
35addbf15264e475a9c766fbf3c3e476,b9dc290e2630ea8e848b6c96dd637598,13087,campinas,SP,1127b7f2594683f2510f1c2c834a486b
594f97ee14747a7fe1d623bf200a7587,5ccaad2cfe356734f866f8e9171274f2,13040,campinas,SP,3a79f35a2344ede41af21267f61d5ec6
594f97ee14747a7fe1d623bf200a7587,5ccaad2cfe356734f866f8e9171274f2,13040,campinas,SP,3d39fbf22a665714baf62fae36029e23
594f97ee14747a7fe1d623bf200a7587,5ccaad2cfe356734f866f8e9171274f2,13040,campinas,SP,3d01d1c414c44b5943a09619ff3853cb
3c6aa574da9394f71e671be146e0ad79,570e50a0c731f9e83ca1f860d7b424ae,13041,campinas,SP,436bf27f2f18474fc6047702e9f8a866
3c6aa574da9394f71e671be146e0ad79,570e50a0c731f9e83ca1f860d7b424ae,13041,campinas,SP,7ecef8194babfec876ca720714327841
68027fa28677c1800203d22af1ed6b51,02a0e3c6bcfdfcbecbc4268ef3797863,13087,campinas,SP,1127b7f2594683f2510f1c2c834a486b
86bf3bdfb50d3b479ac3508e8654cf86,99b026061fefe9ff09cdd0e745a9233e,13043,campinas,SP,58b98ccb79873e04eac4357cacc590d9
86bf3bdfb50d3b479ac3508e8654cf86,99b026061fefe9ff09cdd0e745a9233e,13043,campinas,SP,59bbc819b99a733f02f0d6b49d1c253d
86bf3bdfb50d3b479ac3508e8654cf86,99b026061fefe9ff09cdd0e745a9233e,13043,campinas,SP,6061155addc1e54b4cfb51c1c2a32ad8
2e2311a6dcfd6916130042e7f0793281,d8e4ca38c656682917db130fa23e1ea9,13076,campinas,SP,5a8e7d5003a1f221f9e1d6e411de7c23
f6707ad9321dba0eba6285da8c77b7e4,d0cca06294eeb5485945d73603e8b949,13040,campinas,SP,3a79f35a2344ede41af21267f61d5ec6
f6707ad9321dba0eba6285da8c77b7e4,d0cca06294eeb5485945d73603e8b949,13040,campinas,SP,3d39fbf22a665714baf62fae36029e23
f6707ad9321dba0eba6285da8c77b7e4,d0cca06294eeb5485945d73603e8b949,13040,campinas,SP,3d01d1c414c44b5943a09619ff3853cb
afef4367f50fc1faacdf6c82bd46c6e8,6ddbc64bd04d40f7768ff088d94cbeb8,13091,campinas,SP,52454f90d4c30c016768db02f88c1a74
60f8d6d10a7662c8385a37c5d3b0b92c,2d60b42c7156339c9c13adf38fde9e2e,13041,campinas,SP,436bf27f2f18474fc6047702e9f8a866
60f8d6d10a7662c8385a37c5d3b0b92c,2d60b42c7156339c9c13adf38fde9e2e,13041,campinas,SP,7ecef8194babfec876ca720714327841
4867e76ef4bdc75f3ffa97fd17ff7c30,0a33cf6799b4df9890e2319f566adf63,13084,campinas,SP,606ce7768feac12c5e8bd58db8b08f0f
ea269dfe69d1f52cbdcb490f3960d902,a0b4263d0f1978cc8d447c98e50f6118,13070,campinas,SP,ffff564a4f9085cd26170f4732393726
ea269dfe69d1f52cbdcb490f3960d902,a0b4263d0f1978cc8d447c98e50f6118,13070,campinas,SP,562fc2f2c2863ab7e79a9e4388a58a14
ea269dfe69d1f52cbdcb490f3960d902,a0b4263d0f1978cc8d447c98e50f6118,13070,campinas,SP,37303482a42fb700d8d127e70a9cd6c8
ea269dfe69d1f52cbdcb490f3960d902,a0b4263d0f1978cc8d447c98e50f6118,13070,campinas,SP,73b8eb4a9a729d4019b24ed1be748cbf
347f842ed0d0b71671e290da175a624f,6f63add2d68fc75bea67175fdb020f36,13042,campinas,SP,6524b847b982cd56bb5d4b02b776ee42
c90f74efe71360d1205b83bc6458f825,88388502f20df20b31ccd1a4aca9e898,13076,campinas,SP,5a8e7d5003a1f221f9e1d6e411de7c23
c3e8db626762eb8fb15e22b7dcc79283,d8cc3231a8eda4409875bb69bb91f594,13060,campinas,SP,412a4720f3e9431b4afa1476a1acddbe
c3e8db626762eb8fb15e22b7dcc79283,d8cc3231a8eda4409875bb69bb91f594,13060,campinas,SP,8e2b3afb420011ef0c88c9d5f11ea526
5f4f207f8beafdb253623b83c3015847,bf0d3b466b0f1b7e86bcfe526b9fc43b,13091,campinas,SP,52454f90d4c30c016768db02f88c1a74
fd72bfd55bc619ca61770f47d298a78d,c3a1333ed3a4fe92e1a9d39595a5d1d6,13084,campinas,SP,606ce7768feac12c5e8bd58db8b08f0f
6ebdf3a14409c4c45ec71c99087864c4,ca68e0073c8cbf34589728436a2c187f,13076,campinas,SP,5a8e7d5003a1f221f9e1d6e411de7c23
e640eb5ba79e2f38f8cf36c6efac0edf,ad56d34bf0f7e41062a7139c26515b37,13088,campinas,SP,718539d38d07dd351c76db862760e2e2
2602c389a85fd89b069f888e910bce3a,787dbbc5b0dc8c8e599f1c4806da4f71,13060,campinas,SP,412a4720f3e9431b4afa1476a1acddbe
2602c389a85fd89b069f888e910bce3a,787dbbc5b0dc8c8e599f1c4806da4f71,13060,campinas,SP,8e2b3afb420011ef0c88c9d5f11ea526
b0a36c4a0a2bff86d12b4eeee99bf958,82809cee3c35eb89b4dd4d2d1a22eedf,13040,campinas,SP,3a79f35a2344ede41af21267f61d5ec6
b0a36c4a0a2bff86d12b4eeee99bf958,82809cee3c35eb89b4dd4d2d1a22eedf,13040,campinas,SP,3d39fbf22a665714baf62fae36029e23
b0a36c4a0a2bff86d12b4eeee99bf958,82809cee3c35eb89b4dd4d2d1a22eedf,13040,campinas,SP,3d01d1c414c44b5943a09619ff3853cb
d753559916f138b54ea079e70bc986d5,c36d1931177c95f840a65fa307699a96,13088,campinas,SP,718539d38d07dd351c76db862760e2e2
ed52ab328378a443237a02204d369a87,07625e5c7bcace9cf2684fe99719ec77,13084,campinas,SP,606ce7768feac12c5e8bd58db8b08f0f
09c682ef897935e677a0996cfe2008f3,ff44401d0d8f5b9c54a47374eb48c1b8,13070,campinas,SP,ffff564a4f9085cd26170f4732393726
09c682ef897935e677a0996cfe2008f3,ff44401d0d8f5b9c54a47374eb48c1b8,13070,campinas,SP,562fc2f2c2863ab7e79a9e4388a58a14
09c682ef897935e677a0996cfe2008f3,ff44401d0d8f5b9c54a47374eb48c1b8,13070,campinas,SP,37303482a42fb700d8d127e70a9cd6c8
09c682ef897935e677a0996cfe2008f3,ff44401d0d8f5b9c54a47374eb48c1b8,13070,campinas,SP,73b8eb4a9a729d4019b24ed1be748cbf
c767d22702cc40cebd33633d12a2675f,ef487f6aeadd630b45b2e183711b7a4a,13090,campinas,SP,10264f60a8f0a4d2f30810f5c661c673
c767d22702cc40cebd33633d12a2675f,ef487f6aeadd630b45b2e183711b7a4a,13090,campinas,SP,252e76235acb79183cfca6e34f13337d
2b181c4b0b19ba2fb48a8414417addb1,9ee6e1d946a329826a4b856b60b8f017,13090,campinas,SP,10264f60a8f0a4d2f30810f5c661c673
2b181c4b0b19ba2fb48a8414417addb1,9ee6e1d946a329826a4b856b60b8f017,13090,campinas,SP,252e76235acb79183cfca6e34f13337d
cb3e59ee986f4594de1982df4ae214f7,5fba1267f14b938597891c1cca2aec83,13087,campinas,SP,1127b7f2594683f2510f1c2c834a486b
273bc1dc67aa458215ef8bb8f9dbaf55,9e3bcf897e1dae10edd3dcba509e0b01,13087,campinas,SP,1127b7f2594683f2510f1c2c834a486b
7c4782af72ce7f6ab383ee2d5f1a1427,1ba9d88d85500517fab38fc2466bdfb2,13070,campinas,SP,ffff564a4f9085cd26170f4732393726
7c4782af72ce7f6ab383ee2d5f1a1427,1ba9d88d85500517fab38fc2466bdfb2,13070,campinas,SP,562fc2f2c2863ab7e79a9e4388a58a14
7c4782af72ce7f6ab383ee2d5f1a1427,1ba9d88d85500517fab38fc2466bdfb2,13070,campinas,SP,37303482a42fb700d8d127e70a9cd6c8
7c4782af72ce7f6ab383ee2d5f1a1427,1ba9d88d85500517fab38fc2466bdfb2,13070,campinas,SP,73b8eb4a9a729d4019b24ed1be748cbf
6fd5c3c0b0a188b36fde59515da3f790,ec9a70abc61e9e4fec7925e23e7cc8c2,13073,campinas,SP,fc38b5dceee1a730fad8853453437fbd
475e7eabe4398e4bc39730cc7d5285a1,25d53d0eacac88bf665f9fcf745c5061,13087,campinas,SP,1127b7f2594683f2510f1c2c834a486b
61762ef91aa772a783ab6a270a91da96,104f7e16c7b3c8593171ed1a1635a792,13056,campinas,SP,8d46553a36e68f95350a200c12f8f2e2
b3ecd12dae46566a71a2ccc14908355a,a65399cb7ec6c5ef5e580450fad8d855,13087,campinas,SP,1127b7f2594683f2510f1c2c834a486b
91f973575342b45e9db3c64bebb4a338,2b1198e69c118dfb09cf6ec52614b9ef,13023,campinas,SP,e0eabded302882513ced4ea3eb0c7059
91f973575342b45e9db3c64bebb4a338,2b1198e69c118dfb09cf6ec52614b9ef,13023,campinas,SP,3442f8959a84dea7ee197c632cb2df15
fb0a5f198af9146879712f3fc2afb788,4871fa68534498e54aa3064b07a7717f,13073,campinas,SP,fc38b5dceee1a730fad8853453437fbd
48c594f3ccd405bda0218861a37eefc0,fad83ca4540898f0d76d9bffa0e2c047,13091,campinas,SP,52454f90d4c30c016768db02f88c1a74
e9ca879579f4bf6379cc71a0f0d10c2f,adcbd7364a0b76b4be25551270603452,13084,campinas,SP,606ce7768feac12c5e8bd58db8b08f0f
87a873789449499186421086a43f7bbf,6ddbc64bd04d40f7768ff088d94cbeb8,13091,campinas,SP,52454f90d4c30c016768db02f88c1a74
c4aa9e0a1891b53189825b395b3d3897,5228e97381631f8b06e4cf7923603499,13105,campinas,SP,b0b346d3a89f5eb4c2968af3f083cd43
bce6c0027c2efdbfcb8ffe58e2c5abc7,79eb97e18e448f1fdacc721658ff6eaa,13015,campinas,SP,1e47d8b6546eb3a77b1acddcc9406242
bce6c0027c2efdbfcb8ffe58e2c5abc7,79eb97e18e448f1fdacc721658ff6eaa,13015,campinas,SP,bc302730ea8cf49b5c74f579febb5bbf
bafa1579d04b177aecfc4ae43af01b18,4926c6843cbc9a66f0524e37ca0945f5,13087,campinas,SP,1127b7f2594683f2510f1c2c834a486b
051d8948abf627dfd3483f6bcdfbfa5a,79f9be7c3adedc8cb4828a2ce3981222,13090,campinas,SP,10264f60a8f0a4d2f30810f5c661c673
051d8948abf627dfd3483f6bcdfbfa5a,79f9be7c3adedc8cb4828a2ce3981222,13090,campinas,SP,252e76235acb79183cfca6e34f13337d
3fd7c402c2376ddd9c4b06ba5b3ca6a4,56e674dd2fe123d7ddd38e34b53163ac,13085,campinas,SP,bc2ac6b95e1accce9858528ee566c17e
3fd7c402c2376ddd9c4b06ba5b3ca6a4,56e674dd2fe123d7ddd38e34b53163ac,13085,campinas,SP,fe87f472055fbcf1d7e691c00b1560dc
9c83b804468c03febbb92653cb841822,ea8759fd1e5df73b9ef546a7b5d9181e,13091,campinas,SP,52454f90d4c30c016768db02f88c1a74
dc08b3b53ce8c2f1740f64b4c560f4ac,75fa413ea0f1c847a8f3da1ca806d795,13076,campinas,SP,5a8e7d5003a1f221f9e1d6e411de7c23
9e2974fe836024cfbba8ed46b8baf767,9d234cde9f3c90fad3a9ccfefa681c0b,13040,campinas,SP,3a79f35a2344ede41af21267f61d5ec6
9e2974fe836024cfbba8ed46b8baf767,9d234cde9f3c90fad3a9ccfefa681c0b,13040,campinas,SP,3d39fbf22a665714baf62fae36029e23
9e2974fe836024cfbba8ed46b8baf767,9d234cde9f3c90fad3a9ccfefa681c0b,13040,campinas,SP,3d01d1c414c44b5943a09619ff3853cb
f248d3e53fd30ccbaf458d4c96ab8b94,3759e74e43a422fd5caaff932a6c82be,13030,campinas,SP,ea65d8b58316a6f2362f2a9e4b3e86ad
f248d3e53fd30ccbaf458d4c96ab8b94,3759e74e43a422fd5caaff932a6c82be,13030,campinas,SP,fe2032dab1a61af8794248c8196565c9
f248d3e53fd30ccbaf458d4c96ab8b94,3759e74e43a422fd5caaff932a6c82be,13030,campinas,SP,782f78b632a43875dd5b53e3e49c9564
59a7e08ccad572450a55fa66f39a413d,387b38ebe598313ef56ef3df19b192af,13033,campinas,SP,343e716476e3748b069f980efbaa294e
59a7e08ccad572450a55fa66f39a413d,387b38ebe598313ef56ef3df19b192af,13033,campinas,SP,27a56ff04b34c2ba34ce6ba4d3b9d616
8600b231a8fa87131e4bcf9d1dd0cbd6,0f994154412da4ae62966217594a1914,13070,campinas,SP,ffff564a4f9085cd26170f4732393726
8600b231a8fa87131e4bcf9d1dd0cbd6,0f994154412da4ae62966217594a1914,13070,campinas,SP,562fc2f2c2863ab7e79a9e4388a58a14
8600b231a8fa87131e4bcf9d1dd0cbd6,0f994154412da4ae62966217594a1914,13070,campinas,SP,37303482a42fb700d8d127e70a9cd6c8
8600b231a8fa87131e4bcf9d1dd0cbd6,0f994154412da4ae62966217594a1914,13070,campinas,SP,73b8eb4a9a729d4019b24ed1be748cbf
74021b5668446a550ea808a67d54fa87,8cf5e0d2c58366b76f400a25fbe906d3,13030,campinas,SP,ea65d8b58316a6f2362f2a9e4b3e86ad
74021b5668446a550ea808a67d54fa87,8cf5e0d2c58366b76f400a25fbe906d3,13030,campinas,SP,fe2032dab1a61af8794248c8196565c9
74021b5668446a550ea808a67d54fa87,8cf5e0d2c58366b76f400a25fbe906d3,13030,campinas,SP,782f78b632a43875dd5b53e3e49c9564
b3fac4767464b4cd4308f7178d3d0760,39c74dc5fd255c00f604b9ebf9e343f5,13087,campinas,SP,1127b7f2594683f2510f1c2c834a486b
e7e3b6addd9cbdada337bac46efd5810,f0ac405c280fab1d087b8982e7801b54,13015,campinas,SP,1e47d8b6546eb3a77b1acddcc9406242
e7e3b6addd9cbdada337bac46efd5810,f0ac405c280fab1d087b8982e7801b54,13015,campinas,SP,bc302730ea8cf49b5c74f579febb5bbf
6fbdcb5b4167b52374230ce08df932d5,c4f585ecd3959a30202a1691b3f7c269,13064,campinas,SP,781a66c0d89e30814d49fe8b5e14cd07
b5071ab8f378eafcbbbc5f19e298ced1,968f4bd1f9c551649e4a3a352615d43a,13086,campinas,SP,7c462184585ae80bd6e5774c62ce50f2
6786ced0d23e5edb131e553b4c0d4fc7,45202087064684527941a9fa0ae18011,13033,campinas,SP,343e716476e3748b069f980efbaa294e
6786ced0d23e5edb131e553b4c0d4fc7,45202087064684527941a9fa0ae18011,13033,campinas,SP,27a56ff04b34c2ba34ce6ba4d3b9d616
a743d5c3ba8ad2c90f90436852d418d1,d498d61f79a7a60e08a4063043852250,13015,campinas,SP,1e47d8b6546eb3a77b1acddcc9406242
a743d5c3ba8ad2c90f90436852d418d1,d498d61f79a7a60e08a4063043852250,13015,campinas,SP,bc302730ea8cf49b5c74f579febb5bbf
24b6516fc43836e57e9292a1d919ed3e,130ed01dc02c7f30cea9a7faabda07b7,13015,campinas,SP,1e47d8b6546eb3a77b1acddcc9406242
24b6516fc43836e57e9292a1d919ed3e,130ed01dc02c7f30cea9a7faabda07b7,13015,campinas,SP,bc302730ea8cf49b5c74f579febb5bbf
110854a59606d579bbac092d70777bc8,c8a0a50ecb5462ccf003ad5e3639df2d,13023,campinas,SP,e0eabded302882513ced4ea3eb0c7059
110854a59606d579bbac092d70777bc8,c8a0a50ecb5462ccf003ad5e3639df2d,13023,campinas,SP,3442f8959a84dea7ee197c632cb2df15
5b52bf026f62860b9ca706652f1426c9,009231b0ef6a6b4f5a5fe46938827b83,13084,campinas,SP,606ce7768feac12c5e8bd58db8b08f0f
5cd7b9a71c9e3e244d8415f996c091ac,9ae071d69456c929fe775a0eaa90cf77,13084,campinas,SP,606ce7768feac12c5e8bd58db8b08f0f
1730218f2f64e40e14ed70840f876c88,46f8e31e12ee5d384d6c4a8b0218f950,13040,campinas,SP,3a79f35a2344ede41af21267f61d5ec6
1730218f2f64e40e14ed70840f876c88,46f8e31e12ee5d384d6c4a8b0218f950,13040,campinas,SP,3d39fbf22a665714baf62fae36029e23
1730218f2f64e40e14ed70840f876c88,46f8e31e12ee5d384d6c4a8b0218f950,13040,campinas,SP,3d01d1c414c44b5943a09619ff3853cb
ae949beb91846815154c3fdff84351a0,9ecf2912d2b7eb8a98c633504c643767,13097,campinas,SP,751e274377499a8503fd6243ad9c56f6
1ad269ca33deffffae8da0da0d0e1945,be1260dad3086722476fab71d901e890,13033,campinas,SP,343e716476e3748b069f980efbaa294e
1ad269ca33deffffae8da0da0d0e1945,be1260dad3086722476fab71d901e890,13033,campinas,SP,27a56ff04b34c2ba34ce6ba4d3b9d616
225eea8847d66d819b5187fc0b35c8ea,2483edf418f7bd4d0981fdccff4242da,13085,campinas,SP,bc2ac6b95e1accce9858528ee566c17e
225eea8847d66d819b5187fc0b35c8ea,2483edf418f7bd4d0981fdccff4242da,13085,campinas,SP,fe87f472055fbcf1d7e691c00b1560dc
d9701914d7ce67dae929a04783aa18d2,76e697cd6a76cf072e9307fa9f4a6026,13015,campinas,SP,1e47d8b6546eb3a77b1acddcc9406242
d9701914d7ce67dae929a04783aa18d2,76e697cd6a76cf072e9307fa9f4a6026,13015,campinas,SP,bc302730ea8cf49b5c74f579febb5bbf
39f19a26208db7920bc39686dac40970,6579b2d2c55c3219a7a692aca1847d66,13070,campinas,SP,ffff564a4f9085cd26170f4732393726
39f19a26208db7920bc39686dac40970,6579b2d2c55c3219a7a692aca1847d66,13070,campinas,SP,562fc2f2c2863ab7e79a9e4388a58a14
39f19a26208db7920bc39686dac40970,6579b2d2c55c3219a7a692aca1847d66,13070,campinas,SP,37303482a42fb700d8d127e70a9cd6c8
39f19a26208db7920bc39686dac40970,6579b2d2c55c3219a7a692aca1847d66,13070,campinas,SP,73b8eb4a9a729d4019b24ed1be748cbf
9cb746e19fd648951d95b2044df3e3aa,27c45e0dd1230d84a9120d0e70c730fa,13030,campinas,SP,ea65d8b58316a6f2362f2a9e4b3e86ad
9cb746e19fd648951d95b2044df3e3aa,27c45e0dd1230d84a9120d0e70c730fa,13030,campinas,SP,fe2032dab1a61af8794248c8196565c9
9cb746e19fd648951d95b2044df3e3aa,27c45e0dd1230d84a9120d0e70c730fa,13030,campinas,SP,782f78b632a43875dd5b53e3e49c9564
cf3936d849e31f9a9bacb6f0ccb98fd5,ff9b12e78f7c6c8ad5327b63374c370c,13087,campinas,SP,1127b7f2594683f2510f1c2c834a486b
08caccd1e8e031147439a0880006e849,f8878ca91e9439688f88fff690d8717b,13056,campinas,SP,8d46553a36e68f95350a200c12f8f2e2
d7c36cf9a2c23a9d7e90328f7d30456b,c641236d7fd2541fd5f70fdb10a9cda0,13085,campinas,SP,bc2ac6b95e1accce9858528ee566c17e
d7c36cf9a2c23a9d7e90328f7d30456b,c641236d7fd2541fd5f70fdb10a9cda0,13085,campinas,SP,fe87f472055fbcf1d7e691c00b1560dc
91ca069bc0cfc42f5d6eef0638578f32,9a04f0ca97e81b8b008207c3e87dd183,13040,campinas,SP,3a79f35a2344ede41af21267f61d5ec6
91ca069bc0cfc42f5d6eef0638578f32,9a04f0ca97e81b8b008207c3e87dd183,13040,campinas,SP,3d39fbf22a665714baf62fae36029e23
91ca069bc0cfc42f5d6eef0638578f32,9a04f0ca97e81b8b008207c3e87dd183,13040,campinas,SP,3d01d1c414c44b5943a09619ff3853cb
ad3aae554288c46c86360f95b3dc79aa,449865938212a6f6974766a5011247a8,13042,campinas,SP,6524b847b982cd56bb5d4b02b776ee42
643eef272290bb07a700d92a22096e37,b684b5160d8661dcc3ea1a0a90f9f000,13070,campinas,SP,ffff564a4f9085cd26170f4732393726
643eef272290bb07a700d92a22096e37,b684b5160d8661dcc3ea1a0a90f9f000,13070,campinas,SP,562fc2f2c2863ab7e79a9e4388a58a14
643eef272290bb07a700d92a22096e37,b684b5160d8661dcc3ea1a0a90f9f000,13070,campinas,SP,37303482a42fb700d8d127e70a9cd6c8
643eef272290bb07a700d92a22096e37,b684b5160d8661dcc3ea1a0a90f9f000,13070,campinas,SP,73b8eb4a9a729d4019b24ed1be748cbf
33b34046e628d2c93d9ca4d7385b79d3,3306bb0fba2158eab5efeccddc6dd5e1,13060,campinas,SP,412a4720f3e9431b4afa1476a1acddbe
33b34046e628d2c93d9ca4d7385b79d3,3306bb0fba2158eab5efeccddc6dd5e1,13060,campinas,SP,8e2b3afb420011ef0c88c9d5f11ea526
e1d569375b1ae9c7f97e864718ab4b50,cbcc5c5098cd32ef397d4231883f77c8,13070,campinas,SP,ffff564a4f9085cd26170f4732393726
e1d569375b1ae9c7f97e864718ab4b50,cbcc5c5098cd32ef397d4231883f77c8,13070,campinas,SP,562fc2f2c2863ab7e79a9e4388a58a14
e1d569375b1ae9c7f97e864718ab4b50,cbcc5c5098cd32ef397d4231883f77c8,13070,campinas,SP,37303482a42fb700d8d127e70a9cd6c8
e1d569375b1ae9c7f97e864718ab4b50,cbcc5c5098cd32ef397d4231883f77c8,13070,campinas,SP,73b8eb4a9a729d4019b24ed1be748cbf
7983c699f34e9ba67e1556feca9cf98d,3506998a89f69a88d1cbea4686738c93,13085,campinas,SP,bc2ac6b95e1accce9858528ee566c17e
7983c699f34e9ba67e1556feca9cf98d,3506998a89f69a88d1cbea4686738c93,13085,campinas,SP,fe87f472055fbcf1d7e691c00b1560dc
a8af0900a6bccfc9b49d5747b4e0c094,6b4f10067c4e9f8a42d9023a611917d0,13090,campinas,SP,10264f60a8f0a4d2f30810f5c661c673
a8af0900a6bccfc9b49d5747b4e0c094,6b4f10067c4e9f8a42d9023a611917d0,13090,campinas,SP,252e76235acb79183cfca6e34f13337d
e57f9faf02866cdf711f60ebf0da9c89,b824956034d7882af2c511d49b773242,13084,campinas,SP,606ce7768feac12c5e8bd58db8b08f0f
19da0f1845f527a9b4f2e98ad2fc6a0e,2e7c511f54e9d94776c606007d672a22,13070,campinas,SP,ffff564a4f9085cd26170f4732393726
19da0f1845f527a9b4f2e98ad2fc6a0e,2e7c511f54e9d94776c606007d672a22,13070,campinas,SP,562fc2f2c2863ab7e79a9e4388a58a14
19da0f1845f527a9b4f2e98ad2fc6a0e,2e7c511f54e9d94776c606007d672a22,13070,campinas,SP,37303482a42fb700d8d127e70a9cd6c8
19da0f1845f527a9b4f2e98ad2fc6a0e,2e7c511f54e9d94776c606007d672a22,13070,campinas,SP,73b8eb4a9a729d4019b24ed1be748cbf
99f02f36decdf29cda02e67aeb589305,e8178405cd0d9b7ba864a3839f09f12d,13087,campinas,SP,1127b7f2594683f2510f1c2c834a486b
18b8ca13241b9dfa3d7c5136e07484fd,48c872ab914ede0d5d03fa151269f6b7,13043,campinas,SP,58b98ccb79873e04eac4357cacc590d9
18b8ca13241b9dfa3d7c5136e07484fd,48c872ab914ede0d5d03fa151269f6b7,13043,campinas,SP,59bbc819b99a733f02f0d6b49d1c253d
18b8ca13241b9dfa3d7c5136e07484fd,48c872ab914ede0d5d03fa151269f6b7,13043,campinas,SP,6061155addc1e54b4cfb51c1c2a32ad8
0b67df0f3cd35096e2b545e0c11d7422,4ff9e0783ec8e612691b0c67b3099ae8,13085,campinas,SP,bc2ac6b95e1accce9858528ee566c17e
0b67df0f3cd35096e2b545e0c11d7422,4ff9e0783ec8e612691b0c67b3099ae8,13085,campinas,SP,fe87f472055fbcf1d7e691c00b1560dc
359cb0d7499e2a6703e7e59a397e0101,fcbcb15babddb97030bfc22da7b211a9,13040,campinas,SP,3a79f35a2344ede41af21267f61d5ec6
359cb0d7499e2a6703e7e59a397e0101,fcbcb15babddb97030bfc22da7b211a9,13040,campinas,SP,3d39fbf22a665714baf62fae36029e23
359cb0d7499e2a6703e7e59a397e0101,fcbcb15babddb97030bfc22da7b211a9,13040,campinas,SP,3d01d1c414c44b5943a09619ff3853cb
799d71e04d62e19195822c0157bfe5a6,6fbf3eb20b2ca09450261356c53fad99,13060,campinas,SP,412a4720f3e9431b4afa1476a1acddbe
799d71e04d62e19195822c0157bfe5a6,6fbf3eb20b2ca09450261356c53fad99,13060,campinas,SP,8e2b3afb420011ef0c88c9d5f11ea526
6e568303db60ca2bb3aec0b1f9183492,7c9a0402e884c791edf88646b7c20a82,13085,campinas,SP,bc2ac6b95e1accce9858528ee566c17e
6e568303db60ca2bb3aec0b1f9183492,7c9a0402e884c791edf88646b7c20a82,13085,campinas,SP,fe87f472055fbcf1d7e691c00b1560dc
0b23254194f2cb64d9fba926fc891d83,da58c4162e4dfc6cc337d94951b96c9a,13090,campinas,SP,10264f60a8f0a4d2f30810f5c661c673
0b23254194f2cb64d9fba926fc891d83,da58c4162e4dfc6cc337d94951b96c9a,13090,campinas,SP,252e76235acb79183cfca6e34f13337d
8610b520601e1e478e7ae1c351808d7e,f73e2417681edd372cbe8472ffcdd238,13040,campinas,SP,3a79f35a2344ede41af21267f61d5ec6
8610b520601e1e478e7ae1c351808d7e,f73e2417681edd372cbe8472ffcdd238,13040,campinas,SP,3d39fbf22a665714baf62fae36029e23
8610b520601e1e478e7ae1c351808d7e,f73e2417681edd372cbe8472ffcdd238,13040,campinas,SP,3d01d1c414c44b5943a09619ff3853cb
fe37fbb53f07dcf3e2afdb887abf22df,e8a7878d10a5c71b6f8b3d6c75f6131e,13041,campinas,SP,436bf27f2f18474fc6047702e9f8a866
fe37fbb53f07dcf3e2afdb887abf22df,e8a7878d10a5c71b6f8b3d6c75f6131e,13041,campinas,SP,7ecef8194babfec876ca720714327841
d6aa925e45cc75abfa568f3eb35962f9,3f20a510266ac248d87cb6778c77d87a,13084,campinas,SP,606ce7768feac12c5e8bd58db8b08f0f
285c8d64abdb53be68b4daa9f580327b,ea1e4054ee2a36bd0d0610a9f79da400,13064,campinas,SP,781a66c0d89e30814d49fe8b5e14cd07
86163f5b646745d0ee231b6dd77870bd,9bb7daf6a48895aff8b6df81932ab6c2,13041,campinas,SP,436bf27f2f18474fc6047702e9f8a866
86163f5b646745d0ee231b6dd77870bd,9bb7daf6a48895aff8b6df81932ab6c2,13041,campinas,SP,7ecef8194babfec876ca720714327841
2a6bf42f7763e0d3f6c4bbd18b1a992b,015124b67936296eb7250b38c906a627,13070,campinas,SP,ffff564a4f9085cd26170f4732393726
2a6bf42f7763e0d3f6c4bbd18b1a992b,015124b67936296eb7250b38c906a627,13070,campinas,SP,562fc2f2c2863ab7e79a9e4388a58a14
2a6bf42f7763e0d3f6c4bbd18b1a992b,015124b67936296eb7250b38c906a627,13070,campinas,SP,37303482a42fb700d8d127e70a9cd6c8
2a6bf42f7763e0d3f6c4bbd18b1a992b,015124b67936296eb7250b38c906a627,13070,campinas,SP,73b8eb4a9a729d4019b24ed1be748cbf
c13b88bfce55305a9240404088bd6a46,d6bc315c133be9c0a334b96002b4c1c1,13060,campinas,SP,412a4720f3e9431b4afa1476a1acddbe
c13b88bfce55305a9240404088bd6a46,d6bc315c133be9c0a334b96002b4c1c1,13060,campinas,SP,8e2b3afb420011ef0c88c9d5f11ea526
35cc12371670f472b711f691ed7f6edf,920743c929ee0fc2856d4c97be8f6152,13105,campinas,SP,b0b346d3a89f5eb4c2968af3f083cd43
31e490609b471fd1055c067585594722,b0d7c2dbca7b1a828c1ac2cebbde4dd4,13060,campinas,SP,412a4720f3e9431b4afa1476a1acddbe
31e490609b471fd1055c067585594722,b0d7c2dbca7b1a828c1ac2cebbde4dd4,13060,campinas,SP,8e2b3afb420011ef0c88c9d5f11ea526
8b31c427777a285b016a851797b2a21d,77bd7afca5514b5d711b8cbaa5c21c00,13088,campinas,SP,718539d38d07dd351c76db862760e2e2
4169bb026675fc7051730e93783794e9,2cb6e1938aa20ae2f3416b4c3f9f7847,13084,campinas,SP,606ce7768feac12c5e8bd58db8b08f0f
48d46fabd9154d485aa7e409d07ad65f,785edc493eed2fb6c75f17f687351fa6,13040,campinas,SP,3a79f35a2344ede41af21267f61d5ec6
48d46fabd9154d485aa7e409d07ad65f,785edc493eed2fb6c75f17f687351fa6,13040,campinas,SP,3d39fbf22a665714baf62fae36029e23
48d46fabd9154d485aa7e409d07ad65f,785edc493eed2fb6c75f17f687351fa6,13040,campinas,SP,3d01d1c414c44b5943a09619ff3853cb
826b728b12e365d25f6bc3cdf741ee8a,bc78714cd38d3fa7ea02300180c86b18,13033,campinas,SP,343e716476e3748b069f980efbaa294e
826b728b12e365d25f6bc3cdf741ee8a,bc78714cd38d3fa7ea02300180c86b18,13033,campinas,SP,27a56ff04b34c2ba34ce6ba4d3b9d616
06090287a89123f034e1d47b115ed0be,50996b84681a93e315b0bbf1b960e606,13040,campinas,SP,3a79f35a2344ede41af21267f61d5ec6
06090287a89123f034e1d47b115ed0be,50996b84681a93e315b0bbf1b960e606,13040,campinas,SP,3d39fbf22a665714baf62fae36029e23
06090287a89123f034e1d47b115ed0be,50996b84681a93e315b0bbf1b960e606,13040,campinas,SP,3d01d1c414c44b5943a09619ff3853cb
428d7dfc5b5d5c2d8a28256d81d60932,6ae060f776963ad068c4246ef5d6431e,13084,campinas,SP,606ce7768feac12c5e8bd58db8b08f0f
c87858edbf69dc16344e313cae72b375,11eef40cbc0b135c810e14bb7e4afb55,13073,campinas,SP,fc38b5dceee1a730fad8853453437fbd
2e6e4e3cb07ca8e126b5a3035cd9b07b,82f2ff3fa566313ec765aa8af6833d80,13033,campinas,SP,343e716476e3748b069f980efbaa294e
2e6e4e3cb07ca8e126b5a3035cd9b07b,82f2ff3fa566313ec765aa8af6833d80,13033,campinas,SP,27a56ff04b34c2ba34ce6ba4d3b9d616
e24fceba7ac4b1b1cd1884f05ba68e9d,7410c7ed56c93d4eee17a7b7b3a75b3e,13056,campinas,SP,8d46553a36e68f95350a200c12f8f2e2
9a742779321ef50e42cabb09ea58bfe7,203443313490c84f08aadead1dbde82f,13042,campinas,SP,6524b847b982cd56bb5d4b02b776ee42
e01d5f8990870a514c5a86cce2de155e,d5f2fa89cdc594e8ea58a0c630a95c65,13033,campinas,SP,343e716476e3748b069f980efbaa294e
e01d5f8990870a514c5a86cce2de155e,d5f2fa89cdc594e8ea58a0c630a95c65,13033,campinas,SP,27a56ff04b34c2ba34ce6ba4d3b9d616
847401f6c0587e1f78ac1104e3879cb2,5854a3b6b55a5a77abc18d59772cc3bc,13040,campinas,SP,3a79f35a2344ede41af21267f61d5ec6
847401f6c0587e1f78ac1104e3879cb2,5854a3b6b55a5a77abc18d59772cc3bc,13040,campinas,SP,3d39fbf22a665714baf62fae36029e23
847401f6c0587e1f78ac1104e3879cb2,5854a3b6b55a5a77abc18d59772cc3bc,13040,campinas,SP,3d01d1c414c44b5943a09619ff3853cb
